{"file:///D:/vnr/IEEE-%20Conference/ICMACC%20MOBIRISE":{"assets/images/hashes.json":"8cN3AlAE/k72zY9i0C8HLg==","assets/images/screenshot-2021-11-16-at-6.07.06-pm.png":"lagrq9QLm4dVoaXqWMK6Pg==","assets/images/aiotimg.81e3380c.jpg":"iAUuKooBeGfOrlYLBG7jGQ==","assets/bootstrap/css/bootstrap.min.css":"qGiBfMEZYUPQ8GJUeqipZw==","assets/bootstrap/css/bootstrap-grid.min.css":"4bnuDDTauYpkcZNhkYKtrg==","assets/bootstrap/css/bootstrap-reboot.min.css":"/iLrQLzPIC+HbKPQfUweBg==","assets/bootstrap/js/bootstrap.bundle.min.js":"4jB/FPBUKrTUyehEkinqIg==","assets/smoothscroll/smooth-scroll.js":"I6Cnt5FZXvE7AwxKBjLHIw==","assets/theme/css/style.css":"n7PKsNMLbou5LeKopzBX3Q==-VITbTf54ezV7Z7I/e4lZVw==","assets/ytplayer/index.js":"m99qxtkghzQa/qd3oHC+KA==","assets/dropdown/css/style.css":"Vb8nb3PvfIj5jIp56aQkiA==","assets/dropdown/js/navbar-dropdown.js":"+zsyY+Azav1PQJWv8lLucw==","assets/parallax/jarallax.js":"dK+LQKyoapkDnRGMTh9jhQ==","assets/parallax/jarallax.css":"2Tta/DdBrdXNDixBji4u9A==","assets/socicon/css/styles.css":"yjHs7tV2SewoW36KZ0bi9w==","assets/socicon/fonts/socicon.eot":"MvYQV8XxgngrhGqjN3oHBw==","assets/socicon/fonts/socicon.svg":"U1iRKoyNjKeR+mUJr3QbXg==","assets/socicon/fonts/socicon.ttf":"IyAo3XNB2a/Q0ml3ZraPsQ==","assets/socicon/fonts/socicon.woff":"zQDjXd6bBUQi87pRsBWVqQ==","assets/socicon/fonts/socicon.woff2":"o3w8h99EHOwP99NXAoHpOQ==","assets/images/icmacc-logo-78x96.jpg":"g7EFR3NILiur4XGp5CdKGw==","assets/images/1200px-ieee-logo.svg-694x390.png":"3lgkRfMpwYLXY3fRDekLMg==","assets/vimeoplayer/player.js":"1EL6XYK2XbrXjlfO6vakiw==","assets/web/assets/mobirise-icons2/mobirise2.css":"+RO7OxVtE1FsD/N7V3/ADw==","assets/web/assets/mobirise-icons2/mobirise2.eot":"B2EjryGRojlTpzr1GHt3LQ==","assets/web/assets/mobirise-icons2/mobirise2.svg":"usCYAy7QdzckfeGReb9wWQ==","assets/web/assets/mobirise-icons2/mobirise2.ttf":"VMdAr7YYQ2ab9KiUyabAGA==","assets/web/assets/mobirise-icons2/mobirise2.woff":"xY3InaTfYGp0nlCuQBMudQ=="},"file:///Users/rramne/Desktop/icmacc-2022-main":{"assets/images/hashes.json":"0lOdsLItpms+NAVt/9nGyg==","assets/images/picture-1-153x88.png":"7Nti9RjIi8cIvkprdXwAHQ==","assets/images/ieee-hyderabad-logo-240x83.jpg":"nKI1nMewK4d4O36LOQLhYg==","assets/images/2.png":"5vf7VBsk23EgFkW3KBwFrg==","assets/images/3.png":"4t5MTpRH+1RjQubRWOITBQ==","assets/images/4.png":"YnRSnEk0KHU+nmLnM5Im/Q==","assets/images/5.png":"QkE7vgi4E3gen2wE2Gfwfw==","assets/images/flat-design-service-and-maintenance-logo-graphics-3483312-1-1256x754.jpg":"WEEpNVgvdHlZY45cB+0jGA==","assets/images/aiotimg.81e3380c.jpg":"iAUuKooBeGfOrlYLBG7jGQ==","assets/bootstrap/css/bootstrap.min.css":"iID/zEGekr+NQ4oZm4qC1A==","assets/bootstrap/css/bootstrap-grid.min.css":"50VOPYPnI4lYnf42aiON6g==","assets/bootstrap/css/bootstrap-reboot.min.css":"DH+c+uIgyCc5r2RrmcmtxQ==","assets/bootstrap/js/bootstrap.bundle.min.js":"4jB/FPBUKrTUyehEkinqIg==","assets/smoothscroll/smooth-scroll.js":"I6Cnt5FZXvE7AwxKBjLHIw==","assets/theme/css/style.css":"n7PKsNMLbou5LeKopzBX3Q==-VITbTf54ezV7Z7I/e4lZVw==","assets/ytplayer/index.js":"dj15PW95TKMPmJlNGzNy5g==","assets/dropdown/css/style.css":"Vb8nb3PvfIj5jIp56aQkiA==","assets/dropdown/js/navbar-dropdown.js":"JDty82/YozIIM4NTZKIBRQ==","assets/parallax/jarallax.js":"dK+LQKyoapkDnRGMTh9jhQ==","assets/parallax/jarallax.css":"2Tta/DdBrdXNDixBji4u9A==","assets/web/assets/mobirise-icons2/mobirise2.css":"+RO7OxVtE1FsD/N7V3/ADw==","assets/web/assets/mobirise-icons2/mobirise2.eot":"B2EjryGRojlTpzr1GHt3LQ==","assets/web/assets/mobirise-icons2/mobirise2.svg":"usCYAy7QdzckfeGReb9wWQ==","assets/web/assets/mobirise-icons2/mobirise2.ttf":"VMdAr7YYQ2ab9KiUyabAGA==","assets/web/assets/mobirise-icons2/mobirise2.woff":"xY3InaTfYGp0nlCuQBMudQ==","assets/socicon/css/styles.css":"yjHs7tV2SewoW36KZ0bi9w==","assets/socicon/fonts/socicon.eot":"MvYQV8XxgngrhGqjN3oHBw==","assets/socicon/fonts/socicon.svg":"U1iRKoyNjKeR+mUJr3QbXg==","assets/socicon/fonts/socicon.ttf":"IyAo3XNB2a/Q0ml3ZraPsQ==","assets/socicon/fonts/socicon.woff":"zQDjXd6bBUQi87pRsBWVqQ==","assets/socicon/fonts/socicon.woff2":"o3w8h99EHOwP99NXAoHpOQ==","assets/images/android-chrome-192x192-128x128-1.png":"mz4onMfleQtBHW0ecvRIFQ=="},"mbrsite://%7B%22id%22%3A166845%7D":{}}