{"lagrq9QLm4dVoaXqWMK6Pg==":"screenshot-2021-11-16-at-6.07.06-pm.png","iAUuKooBeGfOrlYLBG7jGQ==":"aiotimg.81e3380c.jpg","xPbP2viim82c5+bQ9nLlFg==":"icmacc%20logo-97x119.jpg","g7EFR3NILiur4XGp5CdKGw==":"icmacc%20logo-78x96.jpg","3lgkRfMpwYLXY3fRDekLMg==":"1200px-ieee_logo.svg-694x390.png","RY9CmH+iiCSR5O98VsdvIQ==":"1200px-ieee_logo.svg-1-694x390.png","z6jCWQ9j9FT6mVeEjvWswA==":"ieee-hyderabad-logo-598x206.jpg","nKI1nMewK4d4O36LOQLhYg==":"ieee-hyderabad-logo-240x83.jpg","/03KiJz7l3Hs9DG7OXGT7A==":"flat-design-service-and-maintenance-logo-graphics-3483312-1-646x388.jpg","WEEpNVgvdHlZY45cB+0jGA==":"flat-design-service-and-maintenance-logo-graphics-3483312-1-1256x754.jpg","oRykAiO0rUD++7AmPeEwUg==":"background1.jpg","7Nti9RjIi8cIvkprdXwAHQ==":"picture%201-153x88.png"}